{"avg train acc:": 99.7270245677889, "epoch": 99, "_timestamp": 1677769459.8883119, "_runtime": 153.73211288452148, "_step": 199, "avg test acc:": 79.56204379562044, "_wandb": {"runtime": 153}}