{"avg train acc:": 99.7270245677889, "epoch": 99, "_timestamp": 1677769811.5673494, "_runtime": 145.36360335350037, "_step": 199, "avg test acc:": 61.67883211678832, "_wandb": {"runtime": 144}}