{"avg train acc:": 40.67333939945405, "epoch": 0, "_timestamp": 1677767103.0462284, "_runtime": 53.607351303100586, "_step": 0, "_wandb": {"runtime": 95}}